--
-- PostgreSQL database cluster dump
--

SET default_transaction_read_only = off;

SET client_encoding = 'UTF8';
SET standard_conforming_strings = on;

--
-- Drop databases (except postgres and template1)
--

DROP DATABASE hello_django_dev;




--
-- Drop roles
--

DROP ROLE hello_django;


--
-- Roles
--

CREATE ROLE hello_django;
ALTER ROLE hello_django WITH SUPERUSER INHERIT CREATEROLE CREATEDB LOGIN REPLICATION BYPASSRLS PASSWORD 'SCRAM-SHA-256$4096:x265KmNRHIgpPUvfH+tOxQ==$3KKSsLra9F6HW/hmwo+IWlegtfw47i71K4nLICROwNU=:XWePMUYRfKZ5e9NVXIxz9OkJTa51cSw8Adqx6+7bgMs=';

--
-- User Configurations
--








--
-- Databases
--

--
-- Database "template1" dump
--

--
-- PostgreSQL database dump
--

-- Dumped from database version 17.2 (Debian 17.2-1.pgdg120+1)
-- Dumped by pg_dump version 17.2 (Debian 17.2-1.pgdg120+1)

SET statement_timeout = 0;
SET lock_timeout = 0;
SET idle_in_transaction_session_timeout = 0;
SET transaction_timeout = 0;
SET client_encoding = 'UTF8';
SET standard_conforming_strings = on;
SELECT pg_catalog.set_config('search_path', '', false);
SET check_function_bodies = false;
SET xmloption = content;
SET client_min_messages = warning;
SET row_security = off;

UPDATE pg_catalog.pg_database SET datistemplate = false WHERE datname = 'template1';
DROP DATABASE template1;
--
-- Name: template1; Type: DATABASE; Schema: -; Owner: hello_django
--

CREATE DATABASE template1 WITH TEMPLATE = template0 ENCODING = 'UTF8' LOCALE_PROVIDER = libc LOCALE = 'en_US.utf8';


ALTER DATABASE template1 OWNER TO hello_django;

\connect template1

SET statement_timeout = 0;
SET lock_timeout = 0;
SET idle_in_transaction_session_timeout = 0;
SET transaction_timeout = 0;
SET client_encoding = 'UTF8';
SET standard_conforming_strings = on;
SELECT pg_catalog.set_config('search_path', '', false);
SET check_function_bodies = false;
SET xmloption = content;
SET client_min_messages = warning;
SET row_security = off;

--
-- Name: DATABASE template1; Type: COMMENT; Schema: -; Owner: hello_django
--

COMMENT ON DATABASE template1 IS 'default template for new databases';


--
-- Name: template1; Type: DATABASE PROPERTIES; Schema: -; Owner: hello_django
--

ALTER DATABASE template1 IS_TEMPLATE = true;


\connect template1

SET statement_timeout = 0;
SET lock_timeout = 0;
SET idle_in_transaction_session_timeout = 0;
SET transaction_timeout = 0;
SET client_encoding = 'UTF8';
SET standard_conforming_strings = on;
SELECT pg_catalog.set_config('search_path', '', false);
SET check_function_bodies = false;
SET xmloption = content;
SET client_min_messages = warning;
SET row_security = off;

--
-- Name: DATABASE template1; Type: ACL; Schema: -; Owner: hello_django
--

REVOKE CONNECT,TEMPORARY ON DATABASE template1 FROM PUBLIC;
GRANT CONNECT ON DATABASE template1 TO PUBLIC;


--
-- PostgreSQL database dump complete
--

--
-- Database "hello_django_dev" dump
--

--
-- PostgreSQL database dump
--

-- Dumped from database version 17.2 (Debian 17.2-1.pgdg120+1)
-- Dumped by pg_dump version 17.2 (Debian 17.2-1.pgdg120+1)

SET statement_timeout = 0;
SET lock_timeout = 0;
SET idle_in_transaction_session_timeout = 0;
SET transaction_timeout = 0;
SET client_encoding = 'UTF8';
SET standard_conforming_strings = on;
SELECT pg_catalog.set_config('search_path', '', false);
SET check_function_bodies = false;
SET xmloption = content;
SET client_min_messages = warning;
SET row_security = off;

--
-- Name: hello_django_dev; Type: DATABASE; Schema: -; Owner: hello_django
--

CREATE DATABASE hello_django_dev WITH TEMPLATE = template0 ENCODING = 'UTF8' LOCALE_PROVIDER = libc LOCALE = 'en_US.utf8';


ALTER DATABASE hello_django_dev OWNER TO hello_django;

\connect hello_django_dev

SET statement_timeout = 0;
SET lock_timeout = 0;
SET idle_in_transaction_session_timeout = 0;
SET transaction_timeout = 0;
SET client_encoding = 'UTF8';
SET standard_conforming_strings = on;
SELECT pg_catalog.set_config('search_path', '', false);
SET check_function_bodies = false;
SET xmloption = content;
SET client_min_messages = warning;
SET row_security = off;

SET default_tablespace = '';

SET default_table_access_method = heap;

--
-- Name: auth_group; Type: TABLE; Schema: public; Owner: hello_django
--

CREATE TABLE public.auth_group (
    id integer NOT NULL,
    name character varying(150) NOT NULL
);


ALTER TABLE public.auth_group OWNER TO hello_django;

--
-- Name: auth_group_id_seq; Type: SEQUENCE; Schema: public; Owner: hello_django
--

ALTER TABLE public.auth_group ALTER COLUMN id ADD GENERATED BY DEFAULT AS IDENTITY (
    SEQUENCE NAME public.auth_group_id_seq
    START WITH 1
    INCREMENT BY 1
    NO MINVALUE
    NO MAXVALUE
    CACHE 1
);


--
-- Name: auth_group_permissions; Type: TABLE; Schema: public; Owner: hello_django
--

CREATE TABLE public.auth_group_permissions (
    id bigint NOT NULL,
    group_id integer NOT NULL,
    permission_id integer NOT NULL
);


ALTER TABLE public.auth_group_permissions OWNER TO hello_django;

--
-- Name: auth_group_permissions_id_seq; Type: SEQUENCE; Schema: public; Owner: hello_django
--

ALTER TABLE public.auth_group_permissions ALTER COLUMN id ADD GENERATED BY DEFAULT AS IDENTITY (
    SEQUENCE NAME public.auth_group_permissions_id_seq
    START WITH 1
    INCREMENT BY 1
    NO MINVALUE
    NO MAXVALUE
    CACHE 1
);


--
-- Name: auth_permission; Type: TABLE; Schema: public; Owner: hello_django
--

CREATE TABLE public.auth_permission (
    id integer NOT NULL,
    name character varying(255) NOT NULL,
    content_type_id integer NOT NULL,
    codename character varying(100) NOT NULL
);


ALTER TABLE public.auth_permission OWNER TO hello_django;

--
-- Name: auth_permission_id_seq; Type: SEQUENCE; Schema: public; Owner: hello_django
--

ALTER TABLE public.auth_permission ALTER COLUMN id ADD GENERATED BY DEFAULT AS IDENTITY (
    SEQUENCE NAME public.auth_permission_id_seq
    START WITH 1
    INCREMENT BY 1
    NO MINVALUE
    NO MAXVALUE
    CACHE 1
);


--
-- Name: auth_user; Type: TABLE; Schema: public; Owner: hello_django
--

CREATE TABLE public.auth_user (
    id integer NOT NULL,
    password character varying(128) NOT NULL,
    last_login timestamp with time zone,
    is_superuser boolean NOT NULL,
    username character varying(150) NOT NULL,
    first_name character varying(150) NOT NULL,
    last_name character varying(150) NOT NULL,
    email character varying(254) NOT NULL,
    is_staff boolean NOT NULL,
    is_active boolean NOT NULL,
    date_joined timestamp with time zone NOT NULL
);


ALTER TABLE public.auth_user OWNER TO hello_django;

--
-- Name: auth_user_groups; Type: TABLE; Schema: public; Owner: hello_django
--

CREATE TABLE public.auth_user_groups (
    id bigint NOT NULL,
    user_id integer NOT NULL,
    group_id integer NOT NULL
);


ALTER TABLE public.auth_user_groups OWNER TO hello_django;

--
-- Name: auth_user_groups_id_seq; Type: SEQUENCE; Schema: public; Owner: hello_django
--

ALTER TABLE public.auth_user_groups ALTER COLUMN id ADD GENERATED BY DEFAULT AS IDENTITY (
    SEQUENCE NAME public.auth_user_groups_id_seq
    START WITH 1
    INCREMENT BY 1
    NO MINVALUE
    NO MAXVALUE
    CACHE 1
);


--
-- Name: auth_user_id_seq; Type: SEQUENCE; Schema: public; Owner: hello_django
--

ALTER TABLE public.auth_user ALTER COLUMN id ADD GENERATED BY DEFAULT AS IDENTITY (
    SEQUENCE NAME public.auth_user_id_seq
    START WITH 1
    INCREMENT BY 1
    NO MINVALUE
    NO MAXVALUE
    CACHE 1
);


--
-- Name: auth_user_user_permissions; Type: TABLE; Schema: public; Owner: hello_django
--

CREATE TABLE public.auth_user_user_permissions (
    id bigint NOT NULL,
    user_id integer NOT NULL,
    permission_id integer NOT NULL
);


ALTER TABLE public.auth_user_user_permissions OWNER TO hello_django;

--
-- Name: auth_user_user_permissions_id_seq; Type: SEQUENCE; Schema: public; Owner: hello_django
--

ALTER TABLE public.auth_user_user_permissions ALTER COLUMN id ADD GENERATED BY DEFAULT AS IDENTITY (
    SEQUENCE NAME public.auth_user_user_permissions_id_seq
    START WITH 1
    INCREMENT BY 1
    NO MINVALUE
    NO MAXVALUE
    CACHE 1
);


--
-- Name: catalog_articletag; Type: TABLE; Schema: public; Owner: hello_django
--

CREATE TABLE public.catalog_articletag (
    id bigint NOT NULL,
    article_id bigint NOT NULL,
    tag_id bigint NOT NULL
);


ALTER TABLE public.catalog_articletag OWNER TO hello_django;

--
-- Name: catalog_articletag_id_seq; Type: SEQUENCE; Schema: public; Owner: hello_django
--

ALTER TABLE public.catalog_articletag ALTER COLUMN id ADD GENERATED BY DEFAULT AS IDENTITY (
    SEQUENCE NAME public.catalog_articletag_id_seq
    START WITH 1
    INCREMENT BY 1
    NO MINVALUE
    NO MAXVALUE
    CACHE 1
);


--
-- Name: catalog_author; Type: TABLE; Schema: public; Owner: hello_django
--

CREATE TABLE public.catalog_author (
    id bigint NOT NULL,
    name character varying(50) NOT NULL
);


ALTER TABLE public.catalog_author OWNER TO hello_django;

--
-- Name: catalog_author_id_seq; Type: SEQUENCE; Schema: public; Owner: hello_django
--

ALTER TABLE public.catalog_author ALTER COLUMN id ADD GENERATED BY DEFAULT AS IDENTITY (
    SEQUENCE NAME public.catalog_author_id_seq
    START WITH 1
    INCREMENT BY 1
    NO MINVALUE
    NO MAXVALUE
    CACHE 1
);


--
-- Name: catalog_authorarticle; Type: TABLE; Schema: public; Owner: hello_django
--

CREATE TABLE public.catalog_authorarticle (
    id bigint NOT NULL,
    author_id bigint NOT NULL,
    article_id bigint NOT NULL
);


ALTER TABLE public.catalog_authorarticle OWNER TO hello_django;

--
-- Name: catalog_authorarticle_id_seq; Type: SEQUENCE; Schema: public; Owner: hello_django
--

ALTER TABLE public.catalog_authorarticle ALTER COLUMN id ADD GENERATED BY DEFAULT AS IDENTITY (
    SEQUENCE NAME public.catalog_authorarticle_id_seq
    START WITH 1
    INCREMENT BY 1
    NO MINVALUE
    NO MAXVALUE
    CACHE 1
);


--
-- Name: catalog_magazinearticle; Type: TABLE; Schema: public; Owner: hello_django
--

CREATE TABLE public.catalog_magazinearticle (
    id bigint NOT NULL,
    publication_year date NOT NULL,
    issue_id bigint NOT NULL
);


ALTER TABLE public.catalog_magazinearticle OWNER TO hello_django;

--
-- Name: catalog_magazinearticle_id_seq; Type: SEQUENCE; Schema: public; Owner: hello_django
--

ALTER TABLE public.catalog_magazinearticle ALTER COLUMN id ADD GENERATED BY DEFAULT AS IDENTITY (
    SEQUENCE NAME public.catalog_magazinearticle_id_seq
    START WITH 1
    INCREMENT BY 1
    NO MINVALUE
    NO MAXVALUE
    CACHE 1
);


--
-- Name: catalog_magazineissue; Type: TABLE; Schema: public; Owner: hello_django
--

CREATE TABLE public.catalog_magazineissue (
    id bigint NOT NULL,
    publication_date date NOT NULL,
    issue_number integer[] NOT NULL,
    front_cover character varying(100) NOT NULL
);


ALTER TABLE public.catalog_magazineissue OWNER TO hello_django;

--
-- Name: catalog_magazineissue_id_seq; Type: SEQUENCE; Schema: public; Owner: hello_django
--

ALTER TABLE public.catalog_magazineissue ALTER COLUMN id ADD GENERATED BY DEFAULT AS IDENTITY (
    SEQUENCE NAME public.catalog_magazineissue_id_seq
    START WITH 1
    INCREMENT BY 1
    NO MINVALUE
    NO MAXVALUE
    CACHE 1
);


--
-- Name: catalog_tag; Type: TABLE; Schema: public; Owner: hello_django
--

CREATE TABLE public.catalog_tag (
    id bigint NOT NULL,
    name character varying(30) NOT NULL
);


ALTER TABLE public.catalog_tag OWNER TO hello_django;

--
-- Name: catalog_tag_id_seq; Type: SEQUENCE; Schema: public; Owner: hello_django
--

ALTER TABLE public.catalog_tag ALTER COLUMN id ADD GENERATED BY DEFAULT AS IDENTITY (
    SEQUENCE NAME public.catalog_tag_id_seq
    START WITH 1
    INCREMENT BY 1
    NO MINVALUE
    NO MAXVALUE
    CACHE 1
);


--
-- Name: django_admin_log; Type: TABLE; Schema: public; Owner: hello_django
--

CREATE TABLE public.django_admin_log (
    id integer NOT NULL,
    action_time timestamp with time zone NOT NULL,
    object_id text,
    object_repr character varying(200) NOT NULL,
    action_flag smallint NOT NULL,
    change_message text NOT NULL,
    content_type_id integer,
    user_id integer NOT NULL,
    CONSTRAINT django_admin_log_action_flag_check CHECK ((action_flag >= 0))
);


ALTER TABLE public.django_admin_log OWNER TO hello_django;

--
-- Name: django_admin_log_id_seq; Type: SEQUENCE; Schema: public; Owner: hello_django
--

ALTER TABLE public.django_admin_log ALTER COLUMN id ADD GENERATED BY DEFAULT AS IDENTITY (
    SEQUENCE NAME public.django_admin_log_id_seq
    START WITH 1
    INCREMENT BY 1
    NO MINVALUE
    NO MAXVALUE
    CACHE 1
);


--
-- Name: django_content_type; Type: TABLE; Schema: public; Owner: hello_django
--

CREATE TABLE public.django_content_type (
    id integer NOT NULL,
    app_label character varying(100) NOT NULL,
    model character varying(100) NOT NULL
);


ALTER TABLE public.django_content_type OWNER TO hello_django;

--
-- Name: django_content_type_id_seq; Type: SEQUENCE; Schema: public; Owner: hello_django
--

ALTER TABLE public.django_content_type ALTER COLUMN id ADD GENERATED BY DEFAULT AS IDENTITY (
    SEQUENCE NAME public.django_content_type_id_seq
    START WITH 1
    INCREMENT BY 1
    NO MINVALUE
    NO MAXVALUE
    CACHE 1
);


--
-- Name: django_migrations; Type: TABLE; Schema: public; Owner: hello_django
--

CREATE TABLE public.django_migrations (
    id bigint NOT NULL,
    app character varying(255) NOT NULL,
    name character varying(255) NOT NULL,
    applied timestamp with time zone NOT NULL
);


ALTER TABLE public.django_migrations OWNER TO hello_django;

--
-- Name: django_migrations_id_seq; Type: SEQUENCE; Schema: public; Owner: hello_django
--

ALTER TABLE public.django_migrations ALTER COLUMN id ADD GENERATED BY DEFAULT AS IDENTITY (
    SEQUENCE NAME public.django_migrations_id_seq
    START WITH 1
    INCREMENT BY 1
    NO MINVALUE
    NO MAXVALUE
    CACHE 1
);


--
-- Name: django_session; Type: TABLE; Schema: public; Owner: hello_django
--

CREATE TABLE public.django_session (
    session_key character varying(40) NOT NULL,
    session_data text NOT NULL,
    expire_date timestamp with time zone NOT NULL
);


ALTER TABLE public.django_session OWNER TO hello_django;

--
-- Data for Name: auth_group; Type: TABLE DATA; Schema: public; Owner: hello_django
--

COPY public.auth_group (id, name) FROM stdin;
\.


--
-- Data for Name: auth_group_permissions; Type: TABLE DATA; Schema: public; Owner: hello_django
--

COPY public.auth_group_permissions (id, group_id, permission_id) FROM stdin;
\.


--
-- Data for Name: auth_permission; Type: TABLE DATA; Schema: public; Owner: hello_django
--

COPY public.auth_permission (id, name, content_type_id, codename) FROM stdin;
1	Can add log entry	1	add_logentry
2	Can change log entry	1	change_logentry
3	Can delete log entry	1	delete_logentry
4	Can view log entry	1	view_logentry
5	Can add permission	2	add_permission
6	Can change permission	2	change_permission
7	Can delete permission	2	delete_permission
8	Can view permission	2	view_permission
9	Can add group	3	add_group
10	Can change group	3	change_group
11	Can delete group	3	delete_group
12	Can view group	3	view_group
13	Can add user	4	add_user
14	Can change user	4	change_user
15	Can delete user	4	delete_user
16	Can view user	4	view_user
17	Can add content type	5	add_contenttype
18	Can change content type	5	change_contenttype
19	Can delete content type	5	delete_contenttype
20	Can view content type	5	view_contenttype
21	Can add session	6	add_session
22	Can change session	6	change_session
23	Can delete session	6	delete_session
24	Can view session	6	view_session
25	Can add tag	7	add_tag
26	Can change tag	7	change_tag
27	Can delete tag	7	delete_tag
28	Can view tag	7	view_tag
29	Can add magazine issue	8	add_magazineissue
30	Can change magazine issue	8	change_magazineissue
31	Can delete magazine issue	8	delete_magazineissue
32	Can view magazine issue	8	view_magazineissue
33	Can add article tag	9	add_articletag
34	Can change article tag	9	change_articletag
35	Can delete article tag	9	delete_articletag
36	Can view article tag	9	view_articletag
37	Can add magazine article	10	add_magazinearticle
38	Can change magazine article	10	change_magazinearticle
39	Can delete magazine article	10	delete_magazinearticle
40	Can view magazine article	10	view_magazinearticle
41	Can add author article	11	add_authorarticle
42	Can change author article	11	change_authorarticle
43	Can delete author article	11	delete_authorarticle
44	Can view author article	11	view_authorarticle
45	Can add author	12	add_author
46	Can change author	12	change_author
47	Can delete author	12	delete_author
48	Can view author	12	view_author
\.


--
-- Data for Name: auth_user; Type: TABLE DATA; Schema: public; Owner: hello_django
--

COPY public.auth_user (id, password, last_login, is_superuser, username, first_name, last_name, email, is_staff, is_active, date_joined) FROM stdin;
\.


--
-- Data for Name: auth_user_groups; Type: TABLE DATA; Schema: public; Owner: hello_django
--

COPY public.auth_user_groups (id, user_id, group_id) FROM stdin;
\.


--
-- Data for Name: auth_user_user_permissions; Type: TABLE DATA; Schema: public; Owner: hello_django
--

COPY public.auth_user_user_permissions (id, user_id, permission_id) FROM stdin;
\.


--
-- Data for Name: catalog_articletag; Type: TABLE DATA; Schema: public; Owner: hello_django
--

COPY public.catalog_articletag (id, article_id, tag_id) FROM stdin;
\.


--
-- Data for Name: catalog_author; Type: TABLE DATA; Schema: public; Owner: hello_django
--

COPY public.catalog_author (id, name) FROM stdin;
\.


--
-- Data for Name: catalog_authorarticle; Type: TABLE DATA; Schema: public; Owner: hello_django
--

COPY public.catalog_authorarticle (id, author_id, article_id) FROM stdin;
\.


--
-- Data for Name: catalog_magazinearticle; Type: TABLE DATA; Schema: public; Owner: hello_django
--

COPY public.catalog_magazinearticle (id, publication_year, issue_id) FROM stdin;
\.


--
-- Data for Name: catalog_magazineissue; Type: TABLE DATA; Schema: public; Owner: hello_django
--

COPY public.catalog_magazineissue (id, publication_date, issue_number, front_cover) FROM stdin;
1	1988-07-01	{2}	2_-_July_1988.jpg
2	1988-03-01	{1}	1_-_March_1988.jpg
3	1989-10-01	{4}	4_-_October_1989.jpg
4	1989-04-01	{2}	2_-_April_1989.jpg
5	1990-10-01	{4}	4_-_October_1990.jpg
6	1990-01-01	{1}	1_-_January_1990.jpg
7	1990-07-01	{3}	3_-_July_1990.jpg
8	1990-04-01	{2}	2_-_April_1990.jpg
9	1991-01-01	{1}	1_-_January_1991.jpg
10	1991-10-01	{4}	4_-_October_1991.jpg
11	1991-07-01	{3}	3_-_July_1991.jpg
12	1991-04-01	{2}	2_-_April_1991.jpg
13	1992-10-01	{4}	4_-_October_1992.jpg
14	1992-01-01	{1}	1_-_January_1992.jpg
15	1992-07-01	{3}	3_-_July_1992.jpg
16	1992-04-01	{2}	2_-_April_1992.jpg
17	1993-11-01	{4}	4_-_November_1993.jpg
18	1993-08-01	{3}	3_-_August_1993.jpg
19	1993-05-01	{2}	2_-_May_1993.jpg
20	1993-02-01	{1}	1_-_February_1993.jpg
21	1994-06-01	{2}	2_-_June_1994.jpg
22	1994-08-01	{3}	3_-_August_1994.jpg
23	1994-12-01	{4}	4_-_December_1994.jpg
24	1994-04-01	{1}	1_-_April_1994.jpg
25	1995-06-01	{2}	2_-_June_1995.jpg
26	1995-12-01	{4}	4_-_December_1995.jpg
27	1995-09-01	{3}	3_-_September_1995.jpg
28	1996-03-01	{1}	1_-_March_1996.jpg
29	1996-12-01	{4}	4_-_December_1996.jpg
30	1997-03-01	{1}	1_-_March_1997.jpg
31	1998-09-01	{3}	3_-_September_1998.jpg
32	1998-06-01	{2}	2_-_June_1998.jpg
33	1998-12-01	{4}	4_-_December_1998.jpg
34	1999-03-01	{1}	1_-_March_1999.jpg
35	1999-12-01	{4}	4_-_December_1999.jpg
36	1999-09-01	{3}	3_-_September_1999.jpg
37	2000-09-01	{3}	3_-_September_2000.jpg
38	2000-12-01	{4}	4_-_December_2000.jpg
39	2000-03-01	{1}	1_-_March_2000.jpg
40	2000-06-01	{2}	2_-_June_2000.jpg
41	2001-06-01	{2}	2_-_June_2001.jpg
42	2001-03-01	{1}	1_-_March_2001.jpg
43	2001-09-01	{3}	3_-_September_2001.jpg
44	2002-12-01	{4}	4_-_December_2002.jpg
45	2002-03-01	{1}	1_-_March_2002.jpg
46	2002-06-01	{2}	2_-_June_2002.jpg
47	2002-09-01	{3}	3_-_September_2002.jpg
48	2003-09-01	{3}	3_-_September_2003.jpg
49	2003-12-01	{4}	4_-_December_2003.jpg
50	2003-03-01	{1}	1_-_March_2003.jpg
51	2004-09-01	{3}	3_-_September_2004.jpg
52	2004-03-01	{1}	1_-_March_2004.jpg
53	2004-06-01	{2}	2_-_June_2004.jpg
54	2005-09-01	{3}	3_-_September_2005.jpg
55	2005-03-01	{1}	1_-_March_2005.jpg
56	2005-12-01	{4}	4_-_December_2005.jpg
57	2006-12-01	{4}	4_-_December_2006.jpg
58	2006-03-01	{1}	1_-_March_2006.jpg
59	2006-09-01	{3}	3_-_September_2006.jpg
60	2006-06-01	{2}	2_-_June_2006.jpg
61	2007-03-01	{1}	1_-_March_2007.jpg
62	2007-08-01	{100}	100_-_August_2007.jpg
63	2007-09-01	{3}	3_-_September_2007.jpg
64	2007-06-01	{2}	2_-_June_2007.jpg
65	2007-12-01	{4}	4_-_December_2007.jpg
66	2008-09-01	{3}	3_-_September_2008.jpg
67	2008-06-01	{2}	2_-_June_2008.jpg
68	2008-12-01	{4}	4_-_December_2008.jpg
69	2009-03-01	{1}	1_-_March_2009.jpg
70	2009-12-01	{4}	4_-_December_2009.jpg
71	2009-06-01	{2}	2_-_June_2009.jpg
72	2010-03-01	{1}	1_-_March_2010.jpg
73	2010-12-01	{4}	4_-_December_2010.jpg
74	2010-09-01	{3}	3_-_September_2010.jpg
75	2010-06-01	{2}	2_-_June_2010.jpg
76	2011-03-01	{1}	1_-_March_2011.jpg
77	2011-06-01	{2}	2_-_June_2011.jpg
78	2011-12-01	{4}	4_-_December_2011.jpg
79	2012-03-01	{1}	1_-_March_2012.jpg
80	2012-09-01	{3}	3_-_September_2012.jpg
81	2012-12-01	{4}	4_-_December_2012.jpg
82	2012-06-01	{2}	2_-_June_2012.jpg
83	2013-06-01	{2}	2_-_June_2013.jpg
84	2013-09-01	{3}	3_-_September_2013.jpg
85	2013-03-01	{1}	1_-_March_2013.jpg
86	2013-12-01	{4}	4_-_December_2013.jpg
87	2014-12-01	{4}	4_-_December_2014.jpg
88	2014-06-01	{2}	2_-_June_2014.jpg
89	2014-03-01	{1}	1_-_March_2014.jpg
90	2014-09-01	{3}	3_-_September_2014.jpg
91	2015-06-01	{2}	2_-_June_2015.jpg
92	2015-12-01	{4}	4_-_December_2015.jpg
93	2015-09-01	{3}	3_-_September_2015.jpg
94	2016-09-01	{3}	3_-_September_2016.jpg
95	2016-06-01	{2}	2_-_June_2016.jpg
96	2016-12-01	{4}	4_-_December_2016.jpg
97	2018-06-01	{2}	2_-_June_2018.jpg
98	2018-03-01	{1}	1_-_March_2018.jpg
99	2018-12-01	{4}	4_-_December_2018.jpg
100	2019-03-01	{1}	1_-_March_2019.jpg
101	2019-12-01	{4}	4_-_December_2019.jpg
102	2019-09-01	{3}	3_-_September_2019.jpg
103	2020-06-01	{2}	2_-_June_2020.jpg
104	2020-12-01	{4}	4_-_December_2020.jpg
105	2020-09-01	{3}	3_-_September_2020.jpg
106	2020-03-01	{1}	1_-_March_2020.jpg
107	2021-09-01	{2,3}	23_-_September_2021.jpg
108	2021-03-01	{1}	1_-_March_2021.jpg
109	2021-12-01	{4}	4_-_December_2021.jpg
110	2022-12-01	{4}	4_-_December_2022.jpg
111	2022-06-01	{2}	2_-_June_2022.jpg
112	2022-03-01	{1}	1_-_March_2022.jpg
113	2022-09-01	{3}	3_-_September_2022.jpg
114	2023-03-01	{1}	1_-_March_2023.jpg
115	2023-12-01	{4}	4_-_December_2023.jpg
116	2023-09-01	{3}	3_-_September_2023.jpg
117	2023-06-01	{2}	2_-_June_2023.jpg
118	1988-10-01	{3}	3_-_October_1988.jpg
119	1989-01-01	{1}	1_-_January_1989.jpg
120	1989-06-01	{3}	3_-_June_1989.jpg
121	1995-01-01	{1}	1_-_January_1995.jpg
122	1996-06-01	{2}	2_-_June_1996.jpg
123	1996-09-01	{3}	3_-_September_1996.jpg
124	1997-06-01	{2}	2_-_June_1997.jpg
125	1997-12-01	{4}	4_-_December_1997.jpg
126	1997-09-01	{3}	3_-_September_1997.jpg
127	1998-03-01	{1}	1_-_March_1998.jpg
128	1999-06-01	{2}	2_-_June_1999.jpg
129	2001-12-01	{4}	4_-_December_2001.jpg
130	2005-06-01	{2}	2_-_June_2005.jpg
131	2008-03-01	{1}	1_-_March_2008.jpg
132	2009-09-01	{3}	3_-_September_2009.jpg
133	2011-09-01	{3}	3_-_September_2011.jpg
134	2015-03-01	{1}	1_-_March_2015.jpg
135	2016-03-01	{1}	1_-_March_2016.jpg
136	2017-09-01	{3}	3_-_September_2017.jpg
137	2017-06-01	{2}	2_-_June_2017.jpg
138	2017-03-01	{1}	1_-_March_2017.jpg
139	2018-09-01	{3}	3_-_September_2018.jpg
140	2019-06-01	{2}	2_-_June_2019.jpg
\.


--
-- Data for Name: catalog_tag; Type: TABLE DATA; Schema: public; Owner: hello_django
--

COPY public.catalog_tag (id, name) FROM stdin;
\.


--
-- Data for Name: django_admin_log; Type: TABLE DATA; Schema: public; Owner: hello_django
--

COPY public.django_admin_log (id, action_time, object_id, object_repr, action_flag, change_message, content_type_id, user_id) FROM stdin;
\.


--
-- Data for Name: django_content_type; Type: TABLE DATA; Schema: public; Owner: hello_django
--

COPY public.django_content_type (id, app_label, model) FROM stdin;
1	admin	logentry
2	auth	permission
3	auth	group
4	auth	user
5	contenttypes	contenttype
6	sessions	session
7	catalog	tag
8	catalog	magazineissue
9	catalog	articletag
10	catalog	magazinearticle
11	catalog	authorarticle
12	catalog	author
\.


--
-- Data for Name: django_migrations; Type: TABLE DATA; Schema: public; Owner: hello_django
--

COPY public.django_migrations (id, app, name, applied) FROM stdin;
1	contenttypes	0001_initial	2025-01-22 11:27:16.10451+00
2	auth	0001_initial	2025-01-22 11:27:16.144827+00
3	admin	0001_initial	2025-01-22 11:27:16.161125+00
4	admin	0002_logentry_remove_auto_add	2025-01-22 11:27:16.168308+00
5	admin	0003_logentry_add_action_flag_choices	2025-01-22 11:27:16.175468+00
6	contenttypes	0002_remove_content_type_name	2025-01-22 11:27:16.188925+00
7	auth	0002_alter_permission_name_max_length	2025-01-22 11:27:16.197814+00
8	auth	0003_alter_user_email_max_length	2025-01-22 11:27:16.206158+00
9	auth	0004_alter_user_username_opts	2025-01-22 11:27:16.213889+00
10	auth	0005_alter_user_last_login_null	2025-01-22 11:27:16.223115+00
11	auth	0006_require_contenttypes_0002	2025-01-22 11:27:16.226451+00
12	auth	0007_alter_validators_add_error_messages	2025-01-22 11:27:16.233998+00
13	auth	0008_alter_user_username_max_length	2025-01-22 11:27:16.244123+00
14	auth	0009_alter_user_last_name_max_length	2025-01-22 11:27:16.250884+00
15	auth	0010_alter_group_name_max_length	2025-01-22 11:27:16.257622+00
16	auth	0011_update_proxy_permissions	2025-01-22 11:27:16.264107+00
17	auth	0012_alter_user_first_name_max_length	2025-01-22 11:27:16.271776+00
18	sessions	0001_initial	2025-01-22 11:27:16.280591+00
19	catalog	0001_initial	2025-01-22 11:30:29.332363+00
\.


--
-- Data for Name: django_session; Type: TABLE DATA; Schema: public; Owner: hello_django
--

COPY public.django_session (session_key, session_data, expire_date) FROM stdin;
\.


--
-- Name: auth_group_id_seq; Type: SEQUENCE SET; Schema: public; Owner: hello_django
--

SELECT pg_catalog.setval('public.auth_group_id_seq', 1, false);


--
-- Name: auth_group_permissions_id_seq; Type: SEQUENCE SET; Schema: public; Owner: hello_django
--

SELECT pg_catalog.setval('public.auth_group_permissions_id_seq', 1, false);


--
-- Name: auth_permission_id_seq; Type: SEQUENCE SET; Schema: public; Owner: hello_django
--

SELECT pg_catalog.setval('public.auth_permission_id_seq', 48, true);


--
-- Name: auth_user_groups_id_seq; Type: SEQUENCE SET; Schema: public; Owner: hello_django
--

SELECT pg_catalog.setval('public.auth_user_groups_id_seq', 1, false);


--
-- Name: auth_user_id_seq; Type: SEQUENCE SET; Schema: public; Owner: hello_django
--

SELECT pg_catalog.setval('public.auth_user_id_seq', 1, false);


--
-- Name: auth_user_user_permissions_id_seq; Type: SEQUENCE SET; Schema: public; Owner: hello_django
--

SELECT pg_catalog.setval('public.auth_user_user_permissions_id_seq', 1, false);


--
-- Name: catalog_articletag_id_seq; Type: SEQUENCE SET; Schema: public; Owner: hello_django
--

SELECT pg_catalog.setval('public.catalog_articletag_id_seq', 1, false);


--
-- Name: catalog_author_id_seq; Type: SEQUENCE SET; Schema: public; Owner: hello_django
--

SELECT pg_catalog.setval('public.catalog_author_id_seq', 1, false);


--
-- Name: catalog_authorarticle_id_seq; Type: SEQUENCE SET; Schema: public; Owner: hello_django
--

SELECT pg_catalog.setval('public.catalog_authorarticle_id_seq', 1, false);


--
-- Name: catalog_magazinearticle_id_seq; Type: SEQUENCE SET; Schema: public; Owner: hello_django
--

SELECT pg_catalog.setval('public.catalog_magazinearticle_id_seq', 1, false);


--
-- Name: catalog_magazineissue_id_seq; Type: SEQUENCE SET; Schema: public; Owner: hello_django
--

SELECT pg_catalog.setval('public.catalog_magazineissue_id_seq', 140, true);


--
-- Name: catalog_tag_id_seq; Type: SEQUENCE SET; Schema: public; Owner: hello_django
--

SELECT pg_catalog.setval('public.catalog_tag_id_seq', 1, false);


--
-- Name: django_admin_log_id_seq; Type: SEQUENCE SET; Schema: public; Owner: hello_django
--

SELECT pg_catalog.setval('public.django_admin_log_id_seq', 1, false);


--
-- Name: django_content_type_id_seq; Type: SEQUENCE SET; Schema: public; Owner: hello_django
--

SELECT pg_catalog.setval('public.django_content_type_id_seq', 12, true);


--
-- Name: django_migrations_id_seq; Type: SEQUENCE SET; Schema: public; Owner: hello_django
--

SELECT pg_catalog.setval('public.django_migrations_id_seq', 19, true);


--
-- Name: auth_group auth_group_name_key; Type: CONSTRAINT; Schema: public; Owner: hello_django
--

ALTER TABLE ONLY public.auth_group
    ADD CONSTRAINT auth_group_name_key UNIQUE (name);


--
-- Name: auth_group_permissions auth_group_permissions_group_id_permission_id_0cd325b0_uniq; Type: CONSTRAINT; Schema: public; Owner: hello_django
--

ALTER TABLE ONLY public.auth_group_permissions
    ADD CONSTRAINT auth_group_permissions_group_id_permission_id_0cd325b0_uniq UNIQUE (group_id, permission_id);


--
-- Name: auth_group_permissions auth_group_permissions_pkey; Type: CONSTRAINT; Schema: public; Owner: hello_django
--

ALTER TABLE ONLY public.auth_group_permissions
    ADD CONSTRAINT auth_group_permissions_pkey PRIMARY KEY (id);


--
-- Name: auth_group auth_group_pkey; Type: CONSTRAINT; Schema: public; Owner: hello_django
--

ALTER TABLE ONLY public.auth_group
    ADD CONSTRAINT auth_group_pkey PRIMARY KEY (id);


--
-- Name: auth_permission auth_permission_content_type_id_codename_01ab375a_uniq; Type: CONSTRAINT; Schema: public; Owner: hello_django
--

ALTER TABLE ONLY public.auth_permission
    ADD CONSTRAINT auth_permission_content_type_id_codename_01ab375a_uniq UNIQUE (content_type_id, codename);


--
-- Name: auth_permission auth_permission_pkey; Type: CONSTRAINT; Schema: public; Owner: hello_django
--

ALTER TABLE ONLY public.auth_permission
    ADD CONSTRAINT auth_permission_pkey PRIMARY KEY (id);


--
-- Name: auth_user_groups auth_user_groups_pkey; Type: CONSTRAINT; Schema: public; Owner: hello_django
--

ALTER TABLE ONLY public.auth_user_groups
    ADD CONSTRAINT auth_user_groups_pkey PRIMARY KEY (id);


--
-- Name: auth_user_groups auth_user_groups_user_id_group_id_94350c0c_uniq; Type: CONSTRAINT; Schema: public; Owner: hello_django
--

ALTER TABLE ONLY public.auth_user_groups
    ADD CONSTRAINT auth_user_groups_user_id_group_id_94350c0c_uniq UNIQUE (user_id, group_id);


--
-- Name: auth_user auth_user_pkey; Type: CONSTRAINT; Schema: public; Owner: hello_django
--

ALTER TABLE ONLY public.auth_user
    ADD CONSTRAINT auth_user_pkey PRIMARY KEY (id);


--
-- Name: auth_user_user_permissions auth_user_user_permissions_pkey; Type: CONSTRAINT; Schema: public; Owner: hello_django
--

ALTER TABLE ONLY public.auth_user_user_permissions
    ADD CONSTRAINT auth_user_user_permissions_pkey PRIMARY KEY (id);


--
-- Name: auth_user_user_permissions auth_user_user_permissions_user_id_permission_id_14a6b632_uniq; Type: CONSTRAINT; Schema: public; Owner: hello_django
--

ALTER TABLE ONLY public.auth_user_user_permissions
    ADD CONSTRAINT auth_user_user_permissions_user_id_permission_id_14a6b632_uniq UNIQUE (user_id, permission_id);


--
-- Name: auth_user auth_user_username_key; Type: CONSTRAINT; Schema: public; Owner: hello_django
--

ALTER TABLE ONLY public.auth_user
    ADD CONSTRAINT auth_user_username_key UNIQUE (username);


--
-- Name: catalog_articletag catalog_articletag_pkey; Type: CONSTRAINT; Schema: public; Owner: hello_django
--

ALTER TABLE ONLY public.catalog_articletag
    ADD CONSTRAINT catalog_articletag_pkey PRIMARY KEY (id);


--
-- Name: catalog_author catalog_author_pkey; Type: CONSTRAINT; Schema: public; Owner: hello_django
--

ALTER TABLE ONLY public.catalog_author
    ADD CONSTRAINT catalog_author_pkey PRIMARY KEY (id);


--
-- Name: catalog_authorarticle catalog_authorarticle_pkey; Type: CONSTRAINT; Schema: public; Owner: hello_django
--

ALTER TABLE ONLY public.catalog_authorarticle
    ADD CONSTRAINT catalog_authorarticle_pkey PRIMARY KEY (id);


--
-- Name: catalog_magazinearticle catalog_magazinearticle_pkey; Type: CONSTRAINT; Schema: public; Owner: hello_django
--

ALTER TABLE ONLY public.catalog_magazinearticle
    ADD CONSTRAINT catalog_magazinearticle_pkey PRIMARY KEY (id);


--
-- Name: catalog_magazineissue catalog_magazineissue_pkey; Type: CONSTRAINT; Schema: public; Owner: hello_django
--

ALTER TABLE ONLY public.catalog_magazineissue
    ADD CONSTRAINT catalog_magazineissue_pkey PRIMARY KEY (id);


--
-- Name: catalog_tag catalog_tag_pkey; Type: CONSTRAINT; Schema: public; Owner: hello_django
--

ALTER TABLE ONLY public.catalog_tag
    ADD CONSTRAINT catalog_tag_pkey PRIMARY KEY (id);


--
-- Name: django_admin_log django_admin_log_pkey; Type: CONSTRAINT; Schema: public; Owner: hello_django
--

ALTER TABLE ONLY public.django_admin_log
    ADD CONSTRAINT django_admin_log_pkey PRIMARY KEY (id);


--
-- Name: django_content_type django_content_type_app_label_model_76bd3d3b_uniq; Type: CONSTRAINT; Schema: public; Owner: hello_django
--

ALTER TABLE ONLY public.django_content_type
    ADD CONSTRAINT django_content_type_app_label_model_76bd3d3b_uniq UNIQUE (app_label, model);


--
-- Name: django_content_type django_content_type_pkey; Type: CONSTRAINT; Schema: public; Owner: hello_django
--

ALTER TABLE ONLY public.django_content_type
    ADD CONSTRAINT django_content_type_pkey PRIMARY KEY (id);


--
-- Name: django_migrations django_migrations_pkey; Type: CONSTRAINT; Schema: public; Owner: hello_django
--

ALTER TABLE ONLY public.django_migrations
    ADD CONSTRAINT django_migrations_pkey PRIMARY KEY (id);


--
-- Name: django_session django_session_pkey; Type: CONSTRAINT; Schema: public; Owner: hello_django
--

ALTER TABLE ONLY public.django_session
    ADD CONSTRAINT django_session_pkey PRIMARY KEY (session_key);


--
-- Name: auth_group_name_a6ea08ec_like; Type: INDEX; Schema: public; Owner: hello_django
--

CREATE INDEX auth_group_name_a6ea08ec_like ON public.auth_group USING btree (name varchar_pattern_ops);


--
-- Name: auth_group_permissions_group_id_b120cbf9; Type: INDEX; Schema: public; Owner: hello_django
--

CREATE INDEX auth_group_permissions_group_id_b120cbf9 ON public.auth_group_permissions USING btree (group_id);


--
-- Name: auth_group_permissions_permission_id_84c5c92e; Type: INDEX; Schema: public; Owner: hello_django
--

CREATE INDEX auth_group_permissions_permission_id_84c5c92e ON public.auth_group_permissions USING btree (permission_id);


--
-- Name: auth_permission_content_type_id_2f476e4b; Type: INDEX; Schema: public; Owner: hello_django
--

CREATE INDEX auth_permission_content_type_id_2f476e4b ON public.auth_permission USING btree (content_type_id);


--
-- Name: auth_user_groups_group_id_97559544; Type: INDEX; Schema: public; Owner: hello_django
--

CREATE INDEX auth_user_groups_group_id_97559544 ON public.auth_user_groups USING btree (group_id);


--
-- Name: auth_user_groups_user_id_6a12ed8b; Type: INDEX; Schema: public; Owner: hello_django
--

CREATE INDEX auth_user_groups_user_id_6a12ed8b ON public.auth_user_groups USING btree (user_id);


--
-- Name: auth_user_user_permissions_permission_id_1fbb5f2c; Type: INDEX; Schema: public; Owner: hello_django
--

CREATE INDEX auth_user_user_permissions_permission_id_1fbb5f2c ON public.auth_user_user_permissions USING btree (permission_id);


--
-- Name: auth_user_user_permissions_user_id_a95ead1b; Type: INDEX; Schema: public; Owner: hello_django
--

CREATE INDEX auth_user_user_permissions_user_id_a95ead1b ON public.auth_user_user_permissions USING btree (user_id);


--
-- Name: auth_user_username_6821ab7c_like; Type: INDEX; Schema: public; Owner: hello_django
--

CREATE INDEX auth_user_username_6821ab7c_like ON public.auth_user USING btree (username varchar_pattern_ops);


--
-- Name: catalog_articletag_article_id_7f7dcf8b; Type: INDEX; Schema: public; Owner: hello_django
--

CREATE INDEX catalog_articletag_article_id_7f7dcf8b ON public.catalog_articletag USING btree (article_id);


--
-- Name: catalog_articletag_tag_id_65107eed; Type: INDEX; Schema: public; Owner: hello_django
--

CREATE INDEX catalog_articletag_tag_id_65107eed ON public.catalog_articletag USING btree (tag_id);


--
-- Name: catalog_authorarticle_article_id_fb1c8f67; Type: INDEX; Schema: public; Owner: hello_django
--

CREATE INDEX catalog_authorarticle_article_id_fb1c8f67 ON public.catalog_authorarticle USING btree (article_id);


--
-- Name: catalog_authorarticle_author_id_db07ac2e; Type: INDEX; Schema: public; Owner: hello_django
--

CREATE INDEX catalog_authorarticle_author_id_db07ac2e ON public.catalog_authorarticle USING btree (author_id);


--
-- Name: catalog_magazinearticle_issue_id_f07dd051; Type: INDEX; Schema: public; Owner: hello_django
--

CREATE INDEX catalog_magazinearticle_issue_id_f07dd051 ON public.catalog_magazinearticle USING btree (issue_id);


--
-- Name: django_admin_log_content_type_id_c4bce8eb; Type: INDEX; Schema: public; Owner: hello_django
--

CREATE INDEX django_admin_log_content_type_id_c4bce8eb ON public.django_admin_log USING btree (content_type_id);


--
-- Name: django_admin_log_user_id_c564eba6; Type: INDEX; Schema: public; Owner: hello_django
--

CREATE INDEX django_admin_log_user_id_c564eba6 ON public.django_admin_log USING btree (user_id);


--
-- Name: django_session_expire_date_a5c62663; Type: INDEX; Schema: public; Owner: hello_django
--

CREATE INDEX django_session_expire_date_a5c62663 ON public.django_session USING btree (expire_date);


--
-- Name: django_session_session_key_c0390e0f_like; Type: INDEX; Schema: public; Owner: hello_django
--

CREATE INDEX django_session_session_key_c0390e0f_like ON public.django_session USING btree (session_key varchar_pattern_ops);


--
-- Name: auth_group_permissions auth_group_permissio_permission_id_84c5c92e_fk_auth_perm; Type: FK CONSTRAINT; Schema: public; Owner: hello_django
--

ALTER TABLE ONLY public.auth_group_permissions
    ADD CONSTRAINT auth_group_permissio_permission_id_84c5c92e_fk_auth_perm FOREIGN KEY (permission_id) REFERENCES public.auth_permission(id) DEFERRABLE INITIALLY DEFERRED;


--
-- Name: auth_group_permissions auth_group_permissions_group_id_b120cbf9_fk_auth_group_id; Type: FK CONSTRAINT; Schema: public; Owner: hello_django
--

ALTER TABLE ONLY public.auth_group_permissions
    ADD CONSTRAINT auth_group_permissions_group_id_b120cbf9_fk_auth_group_id FOREIGN KEY (group_id) REFERENCES public.auth_group(id) DEFERRABLE INITIALLY DEFERRED;


--
-- Name: auth_permission auth_permission_content_type_id_2f476e4b_fk_django_co; Type: FK CONSTRAINT; Schema: public; Owner: hello_django
--

ALTER TABLE ONLY public.auth_permission
    ADD CONSTRAINT auth_permission_content_type_id_2f476e4b_fk_django_co FOREIGN KEY (content_type_id) REFERENCES public.django_content_type(id) DEFERRABLE INITIALLY DEFERRED;


--
-- Name: auth_user_groups auth_user_groups_group_id_97559544_fk_auth_group_id; Type: FK CONSTRAINT; Schema: public; Owner: hello_django
--

ALTER TABLE ONLY public.auth_user_groups
    ADD CONSTRAINT auth_user_groups_group_id_97559544_fk_auth_group_id FOREIGN KEY (group_id) REFERENCES public.auth_group(id) DEFERRABLE INITIALLY DEFERRED;


--
-- Name: auth_user_groups auth_user_groups_user_id_6a12ed8b_fk_auth_user_id; Type: FK CONSTRAINT; Schema: public; Owner: hello_django
--

ALTER TABLE ONLY public.auth_user_groups
    ADD CONSTRAINT auth_user_groups_user_id_6a12ed8b_fk_auth_user_id FOREIGN KEY (user_id) REFERENCES public.auth_user(id) DEFERRABLE INITIALLY DEFERRED;


--
-- Name: auth_user_user_permissions auth_user_user_permi_permission_id_1fbb5f2c_fk_auth_perm; Type: FK CONSTRAINT; Schema: public; Owner: hello_django
--

ALTER TABLE ONLY public.auth_user_user_permissions
    ADD CONSTRAINT auth_user_user_permi_permission_id_1fbb5f2c_fk_auth_perm FOREIGN KEY (permission_id) REFERENCES public.auth_permission(id) DEFERRABLE INITIALLY DEFERRED;


--
-- Name: auth_user_user_permissions auth_user_user_permissions_user_id_a95ead1b_fk_auth_user_id; Type: FK CONSTRAINT; Schema: public; Owner: hello_django
--

ALTER TABLE ONLY public.auth_user_user_permissions
    ADD CONSTRAINT auth_user_user_permissions_user_id_a95ead1b_fk_auth_user_id FOREIGN KEY (user_id) REFERENCES public.auth_user(id) DEFERRABLE INITIALLY DEFERRED;


--
-- Name: catalog_articletag catalog_articletag_article_id_7f7dcf8b_fk_catalog_m; Type: FK CONSTRAINT; Schema: public; Owner: hello_django
--

ALTER TABLE ONLY public.catalog_articletag
    ADD CONSTRAINT catalog_articletag_article_id_7f7dcf8b_fk_catalog_m FOREIGN KEY (article_id) REFERENCES public.catalog_magazinearticle(id) DEFERRABLE INITIALLY DEFERRED;


--
-- Name: catalog_articletag catalog_articletag_tag_id_65107eed_fk_catalog_tag_id; Type: FK CONSTRAINT; Schema: public; Owner: hello_django
--

ALTER TABLE ONLY public.catalog_articletag
    ADD CONSTRAINT catalog_articletag_tag_id_65107eed_fk_catalog_tag_id FOREIGN KEY (tag_id) REFERENCES public.catalog_tag(id) DEFERRABLE INITIALLY DEFERRED;


--
-- Name: catalog_authorarticle catalog_authorarticl_article_id_fb1c8f67_fk_catalog_m; Type: FK CONSTRAINT; Schema: public; Owner: hello_django
--

ALTER TABLE ONLY public.catalog_authorarticle
    ADD CONSTRAINT catalog_authorarticl_article_id_fb1c8f67_fk_catalog_m FOREIGN KEY (article_id) REFERENCES public.catalog_magazinearticle(id) DEFERRABLE INITIALLY DEFERRED;


--
-- Name: catalog_authorarticle catalog_authorarticle_author_id_db07ac2e_fk_catalog_author_id; Type: FK CONSTRAINT; Schema: public; Owner: hello_django
--

ALTER TABLE ONLY public.catalog_authorarticle
    ADD CONSTRAINT catalog_authorarticle_author_id_db07ac2e_fk_catalog_author_id FOREIGN KEY (author_id) REFERENCES public.catalog_author(id) DEFERRABLE INITIALLY DEFERRED;


--
-- Name: catalog_magazinearticle catalog_magazinearti_issue_id_f07dd051_fk_catalog_m; Type: FK CONSTRAINT; Schema: public; Owner: hello_django
--

ALTER TABLE ONLY public.catalog_magazinearticle
    ADD CONSTRAINT catalog_magazinearti_issue_id_f07dd051_fk_catalog_m FOREIGN KEY (issue_id) REFERENCES public.catalog_magazineissue(id) DEFERRABLE INITIALLY DEFERRED;


--
-- Name: django_admin_log django_admin_log_content_type_id_c4bce8eb_fk_django_co; Type: FK CONSTRAINT; Schema: public; Owner: hello_django
--

ALTER TABLE ONLY public.django_admin_log
    ADD CONSTRAINT django_admin_log_content_type_id_c4bce8eb_fk_django_co FOREIGN KEY (content_type_id) REFERENCES public.django_content_type(id) DEFERRABLE INITIALLY DEFERRED;


--
-- Name: django_admin_log django_admin_log_user_id_c564eba6_fk_auth_user_id; Type: FK CONSTRAINT; Schema: public; Owner: hello_django
--

ALTER TABLE ONLY public.django_admin_log
    ADD CONSTRAINT django_admin_log_user_id_c564eba6_fk_auth_user_id FOREIGN KEY (user_id) REFERENCES public.auth_user(id) DEFERRABLE INITIALLY DEFERRED;


--
-- PostgreSQL database dump complete
--

--
-- Database "postgres" dump
--

--
-- PostgreSQL database dump
--

-- Dumped from database version 17.2 (Debian 17.2-1.pgdg120+1)
-- Dumped by pg_dump version 17.2 (Debian 17.2-1.pgdg120+1)

SET statement_timeout = 0;
SET lock_timeout = 0;
SET idle_in_transaction_session_timeout = 0;
SET transaction_timeout = 0;
SET client_encoding = 'UTF8';
SET standard_conforming_strings = on;
SELECT pg_catalog.set_config('search_path', '', false);
SET check_function_bodies = false;
SET xmloption = content;
SET client_min_messages = warning;
SET row_security = off;

DROP DATABASE postgres;
--
-- Name: postgres; Type: DATABASE; Schema: -; Owner: hello_django
--

CREATE DATABASE postgres WITH TEMPLATE = template0 ENCODING = 'UTF8' LOCALE_PROVIDER = libc LOCALE = 'en_US.utf8';


ALTER DATABASE postgres OWNER TO hello_django;

\connect postgres

SET statement_timeout = 0;
SET lock_timeout = 0;
SET idle_in_transaction_session_timeout = 0;
SET transaction_timeout = 0;
SET client_encoding = 'UTF8';
SET standard_conforming_strings = on;
SELECT pg_catalog.set_config('search_path', '', false);
SET check_function_bodies = false;
SET xmloption = content;
SET client_min_messages = warning;
SET row_security = off;

--
-- Name: DATABASE postgres; Type: COMMENT; Schema: -; Owner: hello_django
--

COMMENT ON DATABASE postgres IS 'default administrative connection database';


--
-- PostgreSQL database dump complete
--

--
-- PostgreSQL database cluster dump complete
--

